<?xml version="1.0" encoding="utf-8"?>
<activitiesimport submitterID="103690700_HUNIT">
  <consumers>
    <caseno caseno="8886172087">
      <firstname>Camila</firstname>
      <lastname>Cardenas</lastname>
      <activity>
        <activitydatetime>
          <startdate>2023/08/14</startdate>
          <starttime>08:00:00</starttime>
          <enddate>2023/08/14</enddate>
          <endtime>14:30:00</endtime>
        </activitydatetime>
      </activity>
      <authoritation></authoritation>
      <authserviceid></authserviceid>
      <workerid></workerid>
      <location></location>
      <primarydiagnosis></primarydiagnosis>
      <status>In Progress</status>
      <program>103690700</program>
      <vendorserviceid></vendorserviceid>
      <totalcost>144.56</totalcost>
      <units>97.50</units>
      <placeofservice></placeofservice>
      <groupnote></groupnote>
      <contacttype>
        <value>Progress Note</value>
      </contacttype>
    </caseno>
  </consumers>
</activitiesimport>
