<?xml version="1.0" encoding="utf-8"?>
<activitiesimport submitterID="1036900700_HUNIT">
  <consumers>
    <caseno caseno="8623285832">
      <firstname>Martha</firstname>
      <lastname>Ardila</lastname>
      <activity>
        <activitydatetime>
          <startdate>2022/07/29</startdate>
          <starttime>10:00:00</starttime>
          <enddate>2022/07/29</enddate>
          <endtime>13:00:00</endtime>
        </activitydatetime>
      </activity>
      <authoritation></authoritation>
      <authserviceid></authserviceid>
      <workerid></workerid>
      <location></location>
      <primarydiagnosis></primarydiagnosis>
      <status>In Progress</status>
      <program>1036900700</program>
      <vendorserviceid></vendorserviceid>
      <totalcost>65.64</totalcost>
      <units>45.00</units>
      <placeofservice></placeofservice>
      <groupnote></groupnote>
      <contacttype>
        <value>Progress Note</value>
      </contacttype>
    </caseno>
  </consumers>
</activitiesimport>
