<?xml version="1.0" encoding="utf-8"?>
<activitiesimport submitterID="103690700_HUNIT">
  <consumers>
    <caseno caseno="8886172087">
      <firstname>Camila</firstname>
      <lastname>Cardenas</lastname>
      <activity>
        <activitydatetime>
          <startdate>2024/04/26</startdate>
          <starttime>18:30:00</starttime>
          <enddate>2024/04/26</enddate>
          <endtime>20:30:00</endtime>
        </activitydatetime>
      </activity>
      <authoritation></authoritation>
      <authserviceid></authserviceid>
      <workerid></workerid>
      <location></location>
      <primarydiagnosis></primarydiagnosis>
      <status>In Progress</status>
      <program>103690700</program>
      <vendorserviceid></vendorserviceid>
      <totalcost>44.48</totalcost>
      <units>32.00</units>
      <placeofservice></placeofservice>
      <groupnote></groupnote>
      <contacttype>
        <value>Progress Note</value>
      </contacttype>
    </caseno>
  </consumers>
</activitiesimport>
