<?xml version="1.0" encoding="utf-8"?>
<activitiesimport submitterID="103690700_HUNIT">
  <consumers>
    <caseno caseno="8683687392">
      <firstname>Daniel</firstname>
      <lastname>Lozano</lastname>
      <activity>
        <activitydatetime>
          <startdate>2024/02/27</startdate>
          <starttime>07:00:00</starttime>
          <enddate>2024/02/27</enddate>
          <endtime>13:00:00</endtime>
        </activitydatetime>
      </activity>
      <authoritation></authoritation>
      <authserviceid></authserviceid>
      <workerid></workerid>
      <location></location>
      <primarydiagnosis></primarydiagnosis>
      <status>In Progress</status>
      <program>103690700</program>
      <vendorserviceid></vendorserviceid>
      <totalcost>131.28</totalcost>
      <units>90.00</units>
      <placeofservice></placeofservice>
      <groupnote></groupnote>
      <contacttype>
        <value>Progress Note</value>
      </contacttype>
    </caseno>
  </consumers>
</activitiesimport>
