<?xml version="1.0" encoding="utf-8"?>
<activitiesimport submitterID="1036900700_HUNIT">
  <consumers>
    <caseno caseno="8100481431">
      <firstname>Esteban</firstname>
      <lastname>Escobar</lastname>
      <activity>
        <activitydatetime>
          <startdate>2022/12/01</startdate>
          <starttime>08:00:00</starttime>
          <enddate>2022/12/01</enddate>
          <endtime>18:00:00</endtime>
        </activitydatetime>
      </activity>
      <authoritation></authoritation>
      <authserviceid></authserviceid>
      <workerid></workerid>
      <location></location>
      <primarydiagnosis></primarydiagnosis>
      <status>In Progress</status>
      <program>1036900700</program>
      <vendorserviceid></vendorserviceid>
      <totalcost>218.80</totalcost>
      <units>150.00</units>
      <placeofservice></placeofservice>
      <groupnote></groupnote>
      <contacttype>
        <value>Progress Note</value>
      </contacttype>
    </caseno>
  </consumers>
</activitiesimport>
