<?xml version="1.0" encoding="utf-8"?>
<activitiesimport submitterID="103690700_HUNIT">
  <consumers>
    <caseno caseno="8102504064">
      <firstname>Derrick</firstname>
      <lastname>Andrews</lastname>
      <activity>
        <activitydatetime>
          <startdate>2023/04/20</startdate>
          <starttime>07:00:00</starttime>
          <enddate>2023/04/20</enddate>
          <endtime>09:00:00</endtime>
        </activitydatetime>
      </activity>
      <authoritation></authoritation>
      <authserviceid></authserviceid>
      <workerid></workerid>
      <location></location>
      <primarydiagnosis></primarydiagnosis>
      <status>In Progress</status>
      <program>103690700</program>
      <vendorserviceid></vendorserviceid>
      <totalcost>43.76</totalcost>
      <units>30.00</units>
      <placeofservice></placeofservice>
      <groupnote></groupnote>
      <contacttype>
        <value>Progress Note</value>
      </contacttype>
    </caseno>
  </consumers>
</activitiesimport>
