<?xml version="1.0" encoding="utf-8"?>
<activitiesimport submitterID="103690700_HUNIT">
  <consumers>
    <caseno caseno="8918404972">
      <firstname>Susana</firstname>
      <lastname>Ramon Berrios</lastname>
      <activity>
        <activitydatetime>
          <startdate>2023/08/09</startdate>
          <starttime>16:00:00</starttime>
          <enddate>2023/08/09</enddate>
          <endtime>21:00:00</endtime>
        </activitydatetime>
      </activity>
      <authoritation></authoritation>
      <authserviceid></authserviceid>
      <workerid></workerid>
      <location></location>
      <primarydiagnosis></primarydiagnosis>
      <status>In Progress</status>
      <program>103690700</program>
      <vendorserviceid></vendorserviceid>
      <totalcost>109.40</totalcost>
      <units>75.00</units>
      <placeofservice></placeofservice>
      <groupnote></groupnote>
      <contacttype>
        <value>Progress Note</value>
      </contacttype>
    </caseno>
  </consumers>
</activitiesimport>
