<?xml version="1.0" encoding="utf-8"?>
<activitiesimport submitterID="103690700_HUNIT">
  <consumers>
    <caseno caseno="8174038833">
      <firstname>Aryilia</firstname>
      <lastname>Mercado</lastname>
      <activity>
        <activitydatetime>
          <startdate>2023/10/17</startdate>
          <starttime>15:00:00</starttime>
          <enddate>2023/10/17</enddate>
          <endtime>19:00:00</endtime>
        </activitydatetime>
      </activity>
      <authoritation></authoritation>
      <authserviceid></authserviceid>
      <workerid></workerid>
      <location></location>
      <primarydiagnosis></primarydiagnosis>
      <status>In Progress</status>
      <program>103690700</program>
      <vendorserviceid></vendorserviceid>
      <totalcost>87.52</totalcost>
      <units>60.00</units>
      <placeofservice></placeofservice>
      <groupnote></groupnote>
      <contacttype>
        <value>Progress Note</value>
      </contacttype>
    </caseno>
  </consumers>
</activitiesimport>
