<?xml version="1.0" encoding="utf-8"?>
<activitiesimport submitterID="103690700_HUNIT">
  <consumers>
    <caseno caseno="8627418161">
      <firstname>Miquellyne</firstname>
      <lastname>Estevez</lastname>
      <activity>
        <activitydatetime>
          <startdate>2024/06/10</startdate>
          <starttime>14:00:00</starttime>
          <enddate>2024/06/10</enddate>
          <endtime>22:00:00</endtime>
        </activitydatetime>
      </activity>
      <authoritation></authoritation>
      <authserviceid></authserviceid>
      <workerid></workerid>
      <location></location>
      <primarydiagnosis></primarydiagnosis>
      <status>In Progress</status>
      <program>103690700</program>
      <vendorserviceid></vendorserviceid>
      <totalcost>175.04</totalcost>
      <units>136.00</units>
      <placeofservice></placeofservice>
      <groupnote></groupnote>
      <contacttype>
        <value>Progress Note</value>
      </contacttype>
    </caseno>
  </consumers>
</activitiesimport>
