<?xml version="1.0" encoding="utf-8"?>
<activitiesimport submitterID="1036900700_HUNIT">
  <consumers>
    <caseno caseno="8918404972">
      <firstname>Susana</firstname>
      <lastname>Ramon Berrios</lastname>
      <activity>
        <activitydatetime>
          <startdate>2022/09/08</startdate>
          <starttime>09:00:00</starttime>
          <enddate>2022/09/08</enddate>
          <endtime>13:30:00</endtime>
        </activitydatetime>
      </activity>
      <authoritation></authoritation>
      <authserviceid></authserviceid>
      <workerid></workerid>
      <location></location>
      <primarydiagnosis></primarydiagnosis>
      <status>In Progress</status>
      <program>1036900700</program>
      <vendorserviceid></vendorserviceid>
      <totalcost>98.46</totalcost>
      <units>67.50</units>
      <placeofservice></placeofservice>
      <groupnote></groupnote>
      <contacttype>
        <value>Progress Note</value>
      </contacttype>
    </caseno>
  </consumers>
</activitiesimport>
