<?xml version="1.0" encoding="utf-8"?>
<activitiesimport submitterID="103690700_HUNIT">
  <consumers>
    <caseno caseno="7835076942">
      <firstname>Sofia</firstname>
      <lastname>Vasquez</lastname>
      <activity>
        <activitydatetime>
          <startdate>2023/05/07</startdate>
          <starttime>10:00:00</starttime>
          <enddate>2023/05/07</enddate>
          <endtime>17:00:00</endtime>
        </activitydatetime>
      </activity>
      <authoritation></authoritation>
      <authserviceid></authserviceid>
      <workerid></workerid>
      <location></location>
      <primarydiagnosis></primarydiagnosis>
      <status>In Progress</status>
      <program>103690700</program>
      <vendorserviceid></vendorserviceid>
      <totalcost>153.16</totalcost>
      <units>105.00</units>
      <placeofservice></placeofservice>
      <groupnote></groupnote>
      <contacttype>
        <value>Progress Note</value>
      </contacttype>
    </caseno>
  </consumers>
</activitiesimport>
